{"cameraMode":{"drawMode":0,"name":"Shaded","section":"Shading Mode"},"sceneLighting":true,"audioPlay":false,"sceneViewState":{"showFog":true,"showMaterialUpdate":false,"showSkybox":true,"showFlares":true,"showImageEffects":true,"showParticleSystems":true},"in2DMode":false,"pivot":{"x":-0.4401664733886719,"y":2.379417896270752,"z":-0.3287334442138672},"rotation":{"x":-0.07875257730484009,"y":0.901534378528595,"z":-0.18538862466812135,"w":-0.3829694390296936},"size":5.724745750427246,"orthographic":false}